{"name": "Leo", "age": 25, "depId": 1, "gender": "male", "salary": 20000}
{"name": "Marry", "age": 30, "depId": 2, "gender": "female", "salary": 25000}
{"name": "Jack", "age": 35, "depId": 1, "gender": "male", "salary": 15000}
{"name": "Tom", "age": 42, "depId": 3, "gender": "male", "salary": 18000}
{"name": "Kattie", "age": 21, "depId": 3, "gender": "female", "salary": 21000}
{"name": "Jen", "age": 30, "depId": 2, "gender": "female", "salary": 28000}
{"name": "Jen", "age": 19, "depId": 2, "gender": "female", "salary": 8000}