{"openid":"opEu45VAwuzCsDr6iGIf4qhnUZUI","phoneNum":"18334832972","money":"30","date":"2018-09-13T02:15:16.054Z","lat":39.688011,"log":116.066689,"province":"四川省","city":"成都市","district":"房山区","terminal":"ios","status":"1"}
{"openid":"opEu45VAwuzCsDr6iGIf4qhnUZUI","phoneNum":"18334832972","money":"50","date":"2018-09-13T02:15:16.054Z","lat":39.688011,"log":116.066689,"province":"山西省","city":"大同市","district":"房山区","terminal":"Android","status":"0"}
{"openid":"opEu45VAwuzCsDr6iGIf4qhnUZUI","phoneNum":"18334832972","money":"30","date":"2018-09-13T02:15:16.054Z","lat":39.688011,"log":116.066689,"province":"山西省","city":"大同市","district":"房山区","terminal":"windows","status":"1"}
{"openid":"opEu45VAwuzCsDr6iGIf4qhnUZUI","phoneNum":"18334832972","money":"100","date":"2018-09-14T02:15:16.054Z","lat":39.688011,"log":116.066689,"province":"北京市","city":"北京市","district":"房山区","terminal":"ios","status":"0"}
{"openid":"opEu45VAwuzCsDr6iGIf4qhnUZUI","phoneNum":"18334832972","money":"30","date":"2018-09-13T02:15:16.054Z","lat":39.688011,"log":116.066689,"province":"河北省","city":"石家庄市","district":"房山区","terminal":"Android","status":"1"}
{"openid":"opEu45VAwuzCsDr6iGIf4qhnUZUI","phoneNum":"18334832972","money":"10","date":"2018-09-13T02:15:16.054Z","lat":39.688011,"log":116.066689,"province":"北京市","city":"朝阳区","district":"房山区","terminal":"windows","status":"0"}
{"openid":"opEu45VAwuzCsDr6iGIf4qhnUZUI","phoneNum":"18334832972","money":"30","date":"2018-09-13T02:15:16.054Z","lat":39.688011,"log":116.066689,"province":"北京市","city":"北京市","district":"房山区","terminal":"ios","status":"1"}
{"openid":"opEu45VAwuzCsDr6iGIf4qhnUZUI","phoneNum":"18334832972","money":"5","date":"2018-09-14T02:15:16.054Z","lat":39.688011,"log":116.066689,"province":"河北省","city":"邯郸市","district":"房山区","terminal":"ios","status":"0"}
{"openid":"opEu45VAwuzCsDr6iGIf4qhnUZUI","phoneNum":"18334832972","money":"20","date":"2018-09-13T02:15:16.054Z","lat":39.688011,"log":116.066689,"province":"河北省","city":"石家庄市","district":"房山区","terminal":"Android","status":"1"}
{"openid":"opEu45VAwuzCsDr6iGIf4qhnUZUI","phoneNum":"18334832972","amount":"20","date":"2018-09-13T02:15:16.054Z","lat":39.688011,"log":116.066689,"province":"河北省","city":"石家庄市","district":"房山区","terminal":"Android","status":"1"}
{"openid":"opEu45VAwuzCsDr6iGIf4qhnUZUI","phoneNum":"18334832972","money":"30","date":"2018-09-13T02:15:16.054Z","lat":39.688011,"log":116.066689,"province":"四川省","city":"成都市","district":"房山区","terminal":"ios","status":"1"}
{"openid":"opEu45VAwuzCsDr6iGIf4qhnUZUI","phoneNum":"18334832972","money":"50","date":"2018-09-13T02:15:16.054Z","lat":39.688011,"log":116.066689,"province":"山西省","city":"大同市","district":"房山区","terminal":"Android","status":"0"}
{"openid":"opEu45VAwuzCsDr6iGIf4qhnUZUI","phoneNum":"18334832972","money":"30","date":"2018-09-13T02:15:16.054Z","lat":39.688011,"log":116.066689,"province":"山西省","city":"大同市","district":"房山区","terminal":"windows","status":"1"}
{"openid":"opEu45VAwuzCsDr6iGIf4qhnUZUI","phoneNum":"18334832972","money":"100","date":"2018-09-14T02:15:16.054Z","lat":39.688011,"log":116.066689,"province":"北京市","city":"北京市","district":"房山区","terminal":"ios","status":"0"}
{"openid":"opEu45VAwuzCsDr6iGIf4qhnUZUI","phoneNum":"18334832972","money":"30","date":"2018-09-13T02:15:16.054Z","lat":39.688011,"log":116.066689,"province":"河北省","city":"石家庄市","district":"房山区","terminal":"Android","status":"1"}
{"openid":"opEu45VAwuzCsDr6iGIf4qhnUZUI","phoneNum":"18334832972","money":"10","date":"2018-09-13T02:15:16.054Z","lat":39.688011,"log":116.066689,"province":"北京市","city":"朝阳区","district":"房山区","terminal":"windows","status":"0"}
{"openid":"opEu45VAwuzCsDr6iGIf4qhnUZUI","phoneNum":"18334832972","money":"30","date":"2018-09-13T02:15:16.054Z","lat":39.688011,"log":116.066689,"province":"北京市","city":"北京市","district":"房山区","terminal":"ios","status":"1"}
{"openid":"opEu45VAwuzCsDr6iGIf4qhnUZUI","phoneNum":"18334832972","money":"5","date":"2018-09-14T02:15:16.054Z","lat":39.688011,"log":116.066689,"province":"河北省","city":"邯郸市","district":"房山区","terminal":"ios","status":"0"}
{"openid":"opEu45VAwuzCsDr6iGIf4qhnUZUI","phoneNum":"18334832972","money":"20","date":"2018-09-13T02:15:16.054Z","lat":39.688011,"log":116.066689,"province":"河北省","city":"石家庄市","district":"房山区","terminal":"Android","status":"1"}
{"openid":"opEu45VAwuzCsDr6iGIf4qhnUZUI","phoneNum":"18334832972","amount":"20","date":"2018-09-13T02:15:16.054Z","lat":39.688011,"log":116.066689,"province":"河北省","city":"石家庄市","district":"房山区","terminal":"Android","status":"1"}
{"openid":"opEu45VAwuzCsDr6iGIf4qhnUZUI","phoneNum":"18334832972","money":"30","date":"2018-09-13T02:15:16.054Z","lat":39.688011,"log":116.066689,"province":"四川省","city":"成都市","district":"房山区","terminal":"ios","status":"1"}
{"openid":"opEu45VAwuzCsDr6iGIf4qhnUZUI","phoneNum":"18334832972","money":"50","date":"2018-09-13T02:15:16.054Z","lat":39.688011,"log":116.066689,"province":"山西省","city":"大同市","district":"房山区","terminal":"Android","status":"0"}
{"openid":"opEu45VAwuzCsDr6iGIf4qhnUZUI","phoneNum":"18334832972","money":"30","date":"2018-09-13T02:15:16.054Z","lat":39.688011,"log":116.066689,"province":"山西省","city":"大同市","district":"房山区","terminal":"windows","status":"1"}
{"openid":"opEu45VAwuzCsDr6iGIf4qhnUZUI","phoneNum":"18334832972","money":"100","date":"2018-09-14T02:15:16.054Z","lat":39.688011,"log":116.066689,"province":"北京市","city":"北京市","district":"房山区","terminal":"ios","status":"0"}
{"openid":"opEu45VAwuzCsDr6iGIf4qhnUZUI","phoneNum":"18334832972","money":"30","date":"2018-09-13T02:15:16.054Z","lat":39.688011,"log":116.066689,"province":"河北省","city":"石家庄市","district":"房山区","terminal":"Android","status":"1"}
{"openid":"opEu45VAwuzCsDr6iGIf4qhnUZUI","phoneNum":"18334832972","money":"10","date":"2018-09-13T02:15:16.054Z","lat":39.688011,"log":116.066689,"province":"北京市","city":"朝阳区","district":"房山区","terminal":"windows","status":"0"}
{"openid":"opEu45VAwuzCsDr6iGIf4qhnUZUI","phoneNum":"18334832972","money":"30","date":"2018-09-13T02:15:16.054Z","lat":39.688011,"log":116.066689,"province":"北京市","city":"北京市","district":"房山区","terminal":"ios","status":"1"}
{"openid":"opEu45VAwuzCsDr6iGIf4qhnUZUI","phoneNum":"18334832972","money":"5","date":"2018-09-14T02:15:16.054Z","lat":39.688011,"log":116.066689,"province":"河北省","city":"邯郸市","district":"房山区","terminal":"ios","status":"0"}
{"openid":"opEu45VAwuzCsDr6iGIf4qhnUZUI","phoneNum":"18334832972","money":"20","date":"2018-09-13T02:15:16.054Z","lat":39.688011,"log":116.066689,"province":"河北省","city":"石家庄市","district":"房山区","terminal":"Android","status":"1"}
{"openid":"opEu45VAwuzCsDr6iGIf4qhnUZUI","phoneNum":"18334832972","amount":"20","date":"2018-09-13T02:15:16.054Z","lat":39.688011,"log":116.066689,"province":"河北省","city":"石家庄市","district":"房山区","terminal":"Android","status":"1"}
{"openid":"opEu45VAwuzCsDr6iGIf4qhnUZUI","phoneNum":"18334832972","money":"30","date":"2018-09-13T02:15:16.054Z","lat":39.688011,"log":116.066689,"province":"四川省","city":"成都市","district":"房山区","terminal":"ios","status":"1"}
{"openid":"opEu45VAwuzCsDr6iGIf4qhnUZUI","phoneNum":"18334832972","money":"50","date":"2018-09-13T02:15:16.054Z","lat":39.688011,"log":116.066689,"province":"山西省","city":"大同市","district":"房山区","terminal":"Android","status":"0"}
{"openid":"opEu45VAwuzCsDr6iGIf4qhnUZUI","phoneNum":"18334832972","money":"30","date":"2018-09-13T02:15:16.054Z","lat":39.688011,"log":116.066689,"province":"山西省","city":"大同市","district":"房山区","terminal":"windows","status":"1"}
{"openid":"opEu45VAwuzCsDr6iGIf4qhnUZUI","phoneNum":"18334832972","money":"100","date":"2018-09-14T02:15:16.054Z","lat":39.688011,"log":116.066689,"province":"北京市","city":"北京市","district":"房山区","terminal":"ios","status":"0"}
{"openid":"opEu45VAwuzCsDr6iGIf4qhnUZUI","phoneNum":"18334832972","money":"30","date":"2018-09-13T02:15:16.054Z","lat":39.688011,"log":116.066689,"province":"河北省","city":"石家庄市","district":"房山区","terminal":"Android","status":"1"}
{"openid":"opEu45VAwuzCsDr6iGIf4qhnUZUI","phoneNum":"18334832972","money":"10","date":"2018-09-13T02:15:16.054Z","lat":39.688011,"log":116.066689,"province":"北京市","city":"朝阳区","district":"房山区","terminal":"windows","status":"0"}
{"openid":"opEu45VAwuzCsDr6iGIf4qhnUZUI","phoneNum":"18334832972","money":"30","date":"2018-09-13T02:15:16.054Z","lat":39.688011,"log":116.066689,"province":"北京市","city":"北京市","district":"房山区","terminal":"ios","status":"1"}
{"openid":"opEu45VAwuzCsDr6iGIf4qhnUZUI","phoneNum":"18334832972","money":"5","date":"2018-09-14T02:15:16.054Z","lat":39.688011,"log":116.066689,"province":"河北省","city":"邯郸市","district":"房山区","terminal":"ios","status":"0"}
{"openid":"opEu45VAwuzCsDr6iGIf4qhnUZUI","phoneNum":"18334832972","money":"20","date":"2018-09-13T02:15:16.054Z","lat":39.688011,"log":116.066689,"province":"河北省","city":"石家庄市","district":"房山区","terminal":"Android","status":"1"}
{"openid":"opEu45VAwuzCsDr6iGIf4qhnUZUI","phoneNum":"18334832972","amount":"20","date":"2018-09-13T02:15:16.054Z","lat":39.688011,"log":116.066689,"province":"河北省","city":"石家庄市","district":"房山区","terminal":"Android","status":"1"}
{"openid":"opEu45VAwuzCsDr6iGIf4qhnUZUI","phoneNum":"18334832972","money":"30","date":"2018-09-13T02:15:16.054Z","lat":39.688011,"log":116.066689,"province":"四川省","city":"成都市","district":"房山区","terminal":"ios","status":"1"}
{"openid":"opEu45VAwuzCsDr6iGIf4qhnUZUI","phoneNum":"18334832972","money":"50","date":"2018-09-13T02:15:16.054Z","lat":39.688011,"log":116.066689,"province":"山西省","city":"大同市","district":"房山区","terminal":"Android","status":"0"}
{"openid":"opEu45VAwuzCsDr6iGIf4qhnUZUI","phoneNum":"18334832972","money":"30","date":"2018-09-13T02:15:16.054Z","lat":39.688011,"log":116.066689,"province":"山西省","city":"大同市","district":"房山区","terminal":"windows","status":"1"}
{"openid":"opEu45VAwuzCsDr6iGIf4qhnUZUI","phoneNum":"18334832972","money":"100","date":"2018-09-14T02:15:16.054Z","lat":39.688011,"log":116.066689,"province":"北京市","city":"北京市","district":"房山区","terminal":"ios","status":"0"}
{"openid":"opEu45VAwuzCsDr6iGIf4qhnUZUI","phoneNum":"18334832972","money":"30","date":"2018-09-13T02:15:16.054Z","lat":39.688011,"log":116.066689,"province":"河北省","city":"石家庄市","district":"房山区","terminal":"Android","status":"1"}
{"openid":"opEu45VAwuzCsDr6iGIf4qhnUZUI","phoneNum":"18334832972","money":"10","date":"2018-09-13T02:15:16.054Z","lat":39.688011,"log":116.066689,"province":"北京市","city":"朝阳区","district":"房山区","terminal":"windows","status":"0"}
{"openid":"opEu45VAwuzCsDr6iGIf4qhnUZUI","phoneNum":"18334832972","money":"30","date":"2018-09-13T02:15:16.054Z","lat":39.688011,"log":116.066689,"province":"北京市","city":"北京市","district":"房山区","terminal":"ios","status":"1"}
{"openid":"opEu45VAwuzCsDr6iGIf4qhnUZUI","phoneNum":"18334832972","money":"5","date":"2018-09-14T02:15:16.054Z","lat":39.688011,"log":116.066689,"province":"河北省","city":"邯郸市","district":"房山区","terminal":"ios","status":"0"}
{"openid":"opEu45VAwuzCsDr6iGIf4qhnUZUI","phoneNum":"18334832972","money":"20","date":"2018-09-13T02:15:16.054Z","lat":39.688011,"log":116.066689,"province":"河北省","city":"石家庄市","district":"房山区","terminal":"Android","status":"1"}
{"openid":"opEu45VAwuzCsDr6iGIf4qhnUZUI","phoneNum":"18334832972","amount":"20","date":"2018-09-13T02:15:16.054Z","lat":39.688011,"log":116.066689,"province":"河北省","city":"邯郸市","district":"房山区","terminal":"Android","status":"1"}
{"openid":"opEu45VAwuzCsDr6iGIf4qhnUZUI","phoneNum":"18334832972","money":"30","date":"2018-09-13T02:15:16.054Z","lat":39.688011,"log":116.066689,"province":"四川省","city":"成都市","district":"房山区","terminal":"ios","status":"1"}
{"openid":"opEu45VAwuzCsDr6iGIf4qhnUZUI","phoneNum":"18334832972","money":"50","date":"2018-09-13T02:15:16.054Z","lat":39.688011,"log":116.066689,"province":"辽宁省","city":"锦州市","district":"房山区","terminal":"Android","status":"0"}
{"openid":"opEu45VAwuzCsDr6iGIf4qhnUZUI","phoneNum":"18334832972","money":"30","date":"2018-09-13T02:15:16.054Z","lat":39.688011,"log":116.066689,"province":"山西省","city":"大同市","district":"房山区","terminal":"windows","status":"1"}
{"openid":"opEu45VAwuzCsDr6iGIf4qhnUZUI","phoneNum":"18334832972","money":"100","date":"2018-09-14T02:15:16.054Z","lat":39.688011,"log":116.066689,"province":"北京市","city":"北京市","district":"房山区","terminal":"ios","status":"0"}
{"openid":"opEu45VAwuzCsDr6iGIf4qhnUZUI","phoneNum":"18334832972","money":"30","date":"2018-09-13T02:15:16.054Z","lat":39.688011,"log":116.066689,"province":"河北省","city":"石家庄市","district":"房山区","terminal":"Android","status":"1"}
{"openid":"opEu45VAwuzCsDr6iGIf4qhnUZUI","phoneNum":"18334832972","money":"10","date":"2018-09-13T02:15:16.054Z","lat":39.688011,"log":116.066689,"province":"北京市","city":"朝阳区","district":"房山区","terminal":"windows","status":"0"}
{"openid":"opEu45VAwuzCsDr6iGIf4qhnUZUI","phoneNum":"18334832972","money":"30","date":"2018-09-13T02:15:16.054Z","lat":39.688011,"log":116.066689,"province":"北京市","city":"北京市","district":"房山区","terminal":"ios","status":"1"}
{"openid":"opEu45VAwuzCsDr6iGIf4qhnUZUI","phoneNum":"18334832972","money":"5","date":"2018-09-14T02:15:16.054Z","lat":39.688011,"log":116.066689,"province":"河北省","city":"邯郸市","district":"房山区","terminal":"ios","status":"0"}
{"openid":"opEu45VAwuzCsDr6iGIf4qhnUZUI","phoneNum":"18334832972","money":"20","date":"2018-09-13T02:15:16.054Z","lat":39.688011,"log":116.066689,"province":"河北省","city":"石家庄市","district":"房山区","terminal":"Android","status":"1"}
{"openid":"opEu45VAwuzCsDr6iGIf4qhnUZUI","phoneNum":"18334832972","amount":"20","date":"2018-09-13T02:15:16.054Z","lat":39.688011,"log":116.066689,"province":"河北省","city":"石家庄市","district":"房山区","terminal":"Android","status":"1"}
{"openid":"opEu45VAwuzCsDr6iGIf4qhnUZUI","phoneNum":"18334832972","amount":"20","date":"2018-09-13T02:15:16.054Z","lat":39.688011,"log":116.066689,"province":"河北省","city":"邯郸市","district":"房山区","terminal":"Android","status":"1"}
{"openid":"opEu45VAwuzCsDr6iGIf4qhnUZUI","phoneNum":"18334832972","money":"30","date":"2018-09-13T02:15:16.054Z","lat":39.688011,"log":116.066689,"province":"四川省","city":"成都市","district":"房山区","terminal":"ios","status":"1"}
{"openid":"opEu45VAwuzCsDr6iGIf4qhnUZUI","phoneNum":"18334832972","money":"50","date":"2018-09-13T02:15:16.054Z","lat":39.688011,"log":116.066689,"province":"辽宁省","city":"锦州市","district":"房山区","terminal":"Android","status":"0"}
{"openid":"opEu45VAwuzCsDr6iGIf4qhnUZUI","phoneNum":"18334832972","money":"30","date":"2018-09-13T02:15:16.054Z","lat":39.688011,"log":116.066689,"province":"山西省","city":"大同市","district":"房山区","terminal":"windows","status":"1"}
{"openid":"opEu45VAwuzCsDr6iGIf4qhnUZUI","phoneNum":"18334832972","money":"100","date":"2018-09-14T02:15:16.054Z","lat":39.688011,"log":116.066689,"province":"北京市","city":"北京市","district":"房山区","terminal":"ios","status":"0"}
{"openid":"opEu45VAwuzCsDr6iGIf4qhnUZUI","phoneNum":"18334832972","money":"30","date":"2018-09-13T02:15:16.054Z","lat":39.688011,"log":116.066689,"province":"河北省","city":"石家庄市","district":"房山区","terminal":"Android","status":"1"}
{"openid":"opEu45VAwuzCsDr6iGIf4qhnUZUI","phoneNum":"18334832972","money":"10","date":"2018-09-13T02:15:16.054Z","lat":39.688011,"log":116.066689,"province":"北京市","city":"朝阳区","district":"房山区","terminal":"windows","status":"0"}
{"openid":"opEu45VAwuzCsDr6iGIf4qhnUZUI","phoneNum":"18334832972","money":"30","date":"2018-09-13T02:15:16.054Z","lat":39.688011,"log":116.066689,"province":"北京市","city":"北京市","district":"房山区","terminal":"ios","status":"1"}
{"openid":"opEu45VAwuzCsDr6iGIf4qhnUZUI","phoneNum":"18334832972","money":"5","date":"2018-09-14T02:15:16.054Z","lat":39.688011,"log":116.066689,"province":"河北省","city":"邯郸市","district":"房山区","terminal":"ios","status":"0"}
{"openid":"opEu45VAwuzCsDr6iGIf4qhnUZUI","phoneNum":"18334832972","money":"20","date":"2018-09-13T02:15:16.054Z","lat":39.688011,"log":116.066689,"province":"河北省","city":"石家庄市","district":"房山区","terminal":"Android","status":"1"}
{"openid":"opEu45VAwuzCsDr6iGIf4qhnUZUI","phoneNum":"18334832972","amount":"20","date":"2018-09-13T02:15:16.054Z","lat":39.688011,"log":116.066689,"province":"河北省","city":"石家庄市","district":"房山区","terminal":"Android","status":"1"}
{"openid":"opEu45VAwuzCsDr6iGIf4qhnUZUI","phoneNum":"18334832972","amount":"20","date":"2018-09-13T02:15:16.054Z","lat":39.688011,"log":116.066689,"province":"河北省","city":"邯郸市","district":"房山区","terminal":"Android","status":"1"}
{"openid":"opEu45VAwuzCsDr6iGIf4qhnUZUI","phoneNum":"18334832972","money":"30","date":"2018-09-13T02:15:16.054Z","lat":39.688011,"log":116.066689,"province":"四川省","city":"成都市","district":"房山区","terminal":"ios","status":"1"}
{"openid":"opEu45VAwuzCsDr6iGIf4qhnUZUI","phoneNum":"18334832972","money":"50","date":"2018-09-13T02:15:16.054Z","lat":39.688011,"log":116.066689,"province":"辽宁省","city":"锦州市","district":"房山区","terminal":"Android","status":"0"}
{"openid":"opEu45VAwuzCsDr6iGIf4qhnUZUI","phoneNum":"18334832972","money":"30","date":"2018-09-13T02:15:16.054Z","lat":39.688011,"log":116.066689,"province":"山西省","city":"大同市","district":"房山区","terminal":"windows","status":"1"}
{"openid":"opEu45VAwuzCsDr6iGIf4qhnUZUI","phoneNum":"18334832972","money":"100","date":"2018-09-14T02:15:16.054Z","lat":39.688011,"log":116.066689,"province":"北京市","city":"北京市","district":"房山区","terminal":"ios","status":"0"}
{"openid":"opEu45VAwuzCsDr6iGIf4qhnUZUI","phoneNum":"18334832972","money":"30","date":"2018-09-13T02:15:16.054Z","lat":39.688011,"log":116.066689,"province":"河北省","city":"石家庄市","district":"房山区","terminal":"Android","status":"1"}
{"openid":"opEu45VAwuzCsDr6iGIf4qhnUZUI","phoneNum":"18334832972","money":"10","date":"2018-09-13T02:15:16.054Z","lat":39.688011,"log":116.066689,"province":"北京市","city":"朝阳区","district":"房山区","terminal":"windows","status":"0"}
{"openid":"opEu45VAwuzCsDr6iGIf4qhnUZUI","phoneNum":"18334832972","money":"30","date":"2018-09-13T02:15:16.054Z","lat":39.688011,"log":116.066689,"province":"北京市","city":"北京市","district":"房山区","terminal":"ios","status":"1"}
{"openid":"opEu45VAwuzCsDr6iGIf4qhnUZUI","phoneNum":"18334832972","money":"5","date":"2018-09-14T02:15:16.054Z","lat":39.688011,"log":116.066689,"province":"河北省","city":"邯郸市","district":"房山区","terminal":"ios","status":"0"}
{"openid":"opEu45VAwuzCsDr6iGIf4qhnUZUI","phoneNum":"18334832972","money":"20","date":"2018-09-13T02:15:16.054Z","lat":39.688011,"log":116.066689,"province":"河北省","city":"石家庄市","district":"房山区","terminal":"Android","status":"1"}
{"openid":"opEu45VAwuzCsDr6iGIf4qhnUZUI","phoneNum":"18334832972","amount":"20","date":"2018-09-13T02:15:16.054Z","lat":39.688011,"log":116.066689,"province":"河北省","city":"石家庄市","district":"房山区","terminal":"Android","status":"1"}
{"openid":"opEu45VAwuzCsDr6iGIf4qhnUZUI","phoneNum":"18334832972","amount":"20","date":"2018-09-13T02:15:16.054Z","lat":39.688011,"log":116.066689,"province":"河北省","city":"邯郸市","district":"房山区","terminal":"Android","status":"1"}
{"openid":"opEu45VAwuzCsDr6iGIf4qhnUZUI","phoneNum":"18334832972","money":"30","date":"2018-09-13T02:15:16.054Z","lat":39.688011,"log":116.066689,"province":"四川省","city":"成都市","district":"房山区","terminal":"ios","status":"1"}
{"openid":"opEu45VAwuzCsDr6iGIf4qhnUZUI","phoneNum":"18334832972","money":"50","date":"2018-09-13T02:15:16.054Z","lat":39.688011,"log":116.066689,"province":"辽宁省","city":"锦州市","district":"房山区","terminal":"Android","status":"0"}
{"openid":"opEu45VAwuzCsDr6iGIf4qhnUZUI","phoneNum":"18334832972","money":"30","date":"2018-09-13T02:15:16.054Z","lat":39.688011,"log":116.066689,"province":"山西省","city":"大同市","district":"房山区","terminal":"windows","status":"1"}
{"openid":"opEu45VAwuzCsDr6iGIf4qhnUZUI","phoneNum":"18334832972","money":"100","date":"2018-09-14T02:15:16.054Z","lat":39.688011,"log":116.066689,"province":"北京市","city":"北京市","district":"房山区","terminal":"ios","status":"0"}
{"openid":"opEu45VAwuzCsDr6iGIf4qhnUZUI","phoneNum":"18334832972","money":"30","date":"2018-09-13T02:15:16.054Z","lat":39.688011,"log":116.066689,"province":"河北省","city":"石家庄市","district":"房山区","terminal":"Android","status":"1"}
{"openid":"opEu45VAwuzCsDr6iGIf4qhnUZUI","phoneNum":"18334832972","money":"10","date":"2018-09-13T02:15:16.054Z","lat":39.688011,"log":116.066689,"province":"北京市","city":"朝阳区","district":"房山区","terminal":"windows","status":"0"}
{"openid":"opEu45VAwuzCsDr6iGIf4qhnUZUI","phoneNum":"18334832972","money":"30","date":"2018-09-13T02:15:16.054Z","lat":39.688011,"log":116.066689,"province":"北京市","city":"北京市","district":"房山区","terminal":"ios","status":"1"}
{"openid":"opEu45VAwuzCsDr6iGIf4qhnUZUI","phoneNum":"18334832972","money":"5","date":"2018-09-14T02:15:16.054Z","lat":39.688011,"log":116.066689,"province":"河北省","city":"邯郸市","district":"房山区","terminal":"ios","status":"0"}
{"openid":"opEu45VAwuzCsDr6iGIf4qhnUZUI","phoneNum":"18334832972","money":"20","date":"2018-09-13T02:15:16.054Z","lat":39.688011,"log":116.066689,"province":"河北省","city":"石家庄市","district":"房山区","terminal":"Android","status":"1"}
{"openid":"opEu45VAwuzCsDr6iGIf4qhnUZUI","phoneNum":"18334832972","amount":"20","date":"2018-09-13T02:15:16.054Z","lat":39.688011,"log":116.066689,"province":"河北省","city":"石家庄市","district":"房山区","terminal":"Android","status":"1"}
{"openid":"opEu45VAwuzCsDr6iGIf4qhnUZUI","phoneNum":"18334832972","amount":"20","date":"2018-09-13T02:15:16.054Z","lat":39.688011,"log":116.066689,"province":"河北省","city":"邯郸市","district":"房山区","terminal":"Android","status":"1"}
{"openid":"opEu45VAwuzCsDr6iGIf4qhnUZUI","phoneNum":"18334832972","money":"30","date":"2018-09-13T02:15:16.054Z","lat":39.688011,"log":116.066689,"province":"四川省","city":"成都市","district":"房山区","terminal":"ios","status":"1"}
{"openid":"opEu45VAwuzCsDr6iGIf4qhnUZUI","phoneNum":"18334832972","money":"50","date":"2018-09-13T02:15:16.054Z","lat":39.688011,"log":116.066689,"province":"辽宁省","city":"锦州市","district":"房山区","terminal":"Android","status":"0"}
{"openid":"opEu45VAwuzCsDr6iGIf4qhnUZUI","phoneNum":"18334832972","money":"30","date":"2018-09-13T02:15:16.054Z","lat":39.688011,"log":116.066689,"province":"山西省","city":"大同市","district":"房山区","terminal":"windows","status":"1"}
{"openid":"opEu45VAwuzCsDr6iGIf4qhnUZUI","phoneNum":"18334832972","money":"100","date":"2018-09-14T02:15:16.054Z","lat":39.688011,"log":116.066689,"province":"安徽省","city":"安庆市","district":"房山区","terminal":"ios","status":"0"}
{"openid":"opEu45VAwuzCsDr6iGIf4qhnUZUI","phoneNum":"18334832972","money":"30","date":"2018-09-13T02:15:16.054Z","lat":39.688011,"log":116.066689,"province":"河北省","city":"石家庄市","district":"房山区","terminal":"Android","status":"1"}
{"openid":"opEu45VAwuzCsDr6iGIf4qhnUZUI","phoneNum":"18334832972","money":"10","date":"2018-09-13T02:15:16.054Z","lat":39.688011,"log":116.066689,"province":"北京市","city":"朝阳区","district":"房山区","terminal":"windows","status":"0"}
{"openid":"opEu45VAwuzCsDr6iGIf4qhnUZUI","phoneNum":"18334832972","money":"30","date":"2018-09-13T02:15:16.054Z","lat":39.688011,"log":116.066689,"province":"北京市","city":"北京市","district":"房山区","terminal":"ios","status":"1"}
{"openid":"opEu45VAwuzCsDr6iGIf4qhnUZUI","phoneNum":"18334832972","money":"5","date":"2018-09-14T02:15:16.054Z","lat":39.688011,"log":116.066689,"province":"河北省","city":"邯郸市","district":"房山区","terminal":"ios","status":"0"}
{"openid":"opEu45VAwuzCsDr6iGIf4qhnUZUI","phoneNum":"18334832972","money":"20","date":"2018-09-13T02:15:16.054Z","lat":39.688011,"log":116.066689,"province":"河北省","city":"石家庄市","district":"房山区","terminal":"Android","status":"1"}
{"openid":"opEu45VAwuzCsDr6iGIf4qhnUZUI","phoneNum":"18334832972","amount":"20","date":"2018-09-13T02:15:16.054Z","lat":39.688011,"log":116.066689,"province":"河北省","city":"石家庄市","district":"房山区","terminal":"Android","status":"1"}
{"openid":"opEu45VAwuzCsDr6iGIf4qhnUZUI","phoneNum":"18334832972","money":"20","date":"2018-09-13T02:15:16.054Z","lat":39.688011,"log":116.066689,"province":"河北省","city":"石家庄市","district":"房山区","terminal":"Android","status":"1"}
{"openid":"opEu45VAwuzCsDr6iGIf4qhnUZUI","phoneNum":"18334832972","amount":"20","date":"2018-09-13T02:15:16.054Z","lat":39.688011,"log":116.066689,"province":"河北省","city":"石家庄市","district":"房山区","terminal":"Android","status":"1"}
{"openid":"opEu45VAwuzCsDr6iGIf4qhnUZUI","phoneNum":"18334832972","amount":"20","date":"2018-09-13T02:15:16.054Z","lat":39.688011,"log":116.066689,"province":"河北省","city":"邯郸市","district":"房山区","terminal":"Android","status":"1"}
{"openid":"opEu45VAwuzCsDr6iGIf4qhnUZUI","phoneNum":"18334832972","money":"30","date":"2018-09-13T02:15:16.054Z","lat":39.688011,"log":116.066689,"province":"四川省","city":"成都市","district":"房山区","terminal":"ios","status":"1"}
{"openid":"opEu45VAwuzCsDr6iGIf4qhnUZUI","phoneNum":"18334832972","money":"50","date":"2018-09-13T02:15:16.054Z","lat":39.688011,"log":116.066689,"province":"辽宁省","city":"锦州市","district":"房山区","terminal":"Android","status":"0"}
{"openid":"opEu45VAwuzCsDr6iGIf4qhnUZUI","phoneNum":"18334832972","money":"30","date":"2018-09-13T02:15:16.054Z","lat":39.688011,"log":116.066689,"province":"山西省","city":"大同市","district":"房山区","terminal":"windows","status":"1"}
{"openid":"opEu45VAwuzCsDr6iGIf4qhnUZUI","phoneNum":"18334832972","money":"100","date":"2018-09-14T02:15:16.054Z","lat":39.688011,"log":116.066689,"province":"安徽省","city":"安庆市","district":"房山区","terminal":"ios","status":"0"}
{"openid":"opEu45VAwuzCsDr6iGIf4qhnUZUI","phoneNum":"18334832972","money":"20","date":"2018-09-13T02:15:16.054Z","lat":39.688011,"log":116.066689,"province":"河北省","city":"石家庄市","district":"房山区","terminal":"Android","status":"1"}
{"openid":"opEu45VAwuzCsDr6iGIf4qhnUZUI","phoneNum":"18334832972","amount":"20","date":"2018-09-13T02:15:16.054Z","lat":39.688011,"log":116.066689,"province":"河北省","city":"石家庄市","district":"房山区","terminal":"Android","status":"1"}
{"openid":"opEu45VAwuzCsDr6iGIf4qhnUZUI","phoneNum":"18334832972","amount":"20","date":"2018-09-13T02:15:16.054Z","lat":39.688011,"log":116.066689,"province":"河北省","city":"邯郸市","district":"房山区","terminal":"Android","status":"1"}
{"openid":"opEu45VAwuzCsDr6iGIf4qhnUZUI","phoneNum":"18334832972","money":"30","date":"2018-09-13T02:15:16.054Z","lat":39.688011,"log":116.066689,"province":"四川省","city":"成都市","district":"房山区","terminal":"ios","status":"1"}
{"openid":"opEu45VAwuzCsDr6iGIf4qhnUZUI","phoneNum":"18334832972","money":"50","date":"2018-09-13T02:15:16.054Z","lat":39.688011,"log":116.066689,"province":"辽宁省","city":"锦州市","district":"房山区","terminal":"Android","status":"1"}
{"openid":"opEu45VAwuzCsDr6iGIf4qhnUZUI","phoneNum":"18334832972","money":"30","date":"2018-09-13T02:15:16.054Z","lat":39.688011,"log":116.066689,"province":"山西省","city":"大同市","district":"房山区","terminal":"windows","status":"1"}
{"openid":"opEu45VAwuzCsDr6iGIf4qhnUZUI","phoneNum":"18334832972","money":"100","date":"2018-09-14T02:15:16.054Z","lat":39.688011,"log":116.066689,"province":"安徽省","city":"安庆市","district":"房山区","terminal":"ios","status":"1"}
{"openid":"opEu45VAwuzCsDr6iGIf4qhnUZUI","phoneNum":"18334832972","money":"20","date":"2018-09-13T02:15:16.054Z","lat":39.688011,"log":116.066689,"province":"河北省","city":"石家庄市","district":"房山区","terminal":"Android","status":"1"}
{"openid":"opEu45VAwuzCsDr6iGIf4qhnUZUI","phoneNum":"18334832972","amount":"20","date":"2018-09-13T02:15:16.054Z","lat":39.688011,"log":116.066689,"province":"河北省","city":"石家庄市","district":"房山区","terminal":"Android","status":"1"}
{"openid":"opEu45VAwuzCsDr6iGIf4qhnUZUI","phoneNum":"18334832972","amount":"20","date":"2018-09-13T02:15:16.054Z","lat":39.688011,"log":116.066689,"province":"河北省","city":"邯郸市","district":"房山区","terminal":"Android","status":"1"}
{"openid":"opEu45VAwuzCsDr6iGIf4qhnUZUI","phoneNum":"18334832972","money":"30","date":"2018-09-13T02:15:16.054Z","lat":39.688011,"log":116.066689,"province":"四川省","city":"成都市","district":"房山区","terminal":"ios","status":"1"}
{"openid":"opEu45VAwuzCsDr6iGIf4qhnUZUI","phoneNum":"18334832972","money":"50","date":"2018-09-13T02:15:16.054Z","lat":39.688011,"log":116.066689,"province":"辽宁省","city":"锦州市","district":"房山区","terminal":"Android","status":"1"}
{"openid":"opEu45VAwuzCsDr6iGIf4qhnUZUI","phoneNum":"18334832972","money":"30","date":"2018-09-13T02:15:16.054Z","lat":39.688011,"log":116.066689,"province":"山西省","city":"大同市","district":"房山区","terminal":"windows","status":"1"}
{"openid":"opEu45VAwuzCsDr6iGIf4qhnUZUI","phoneNum":"18334832972","money":"100","date":"2018-09-14T02:15:16.054Z","lat":39.688011,"log":116.066689,"province":"安徽省","city":"安庆市","district":"房山区","terminal":"ios","status":"0"}
{"openid":"opEu45VAwuzCsDr6iGIf4qhnUZUI","phoneNum":"18334832972","money":"30","date":"2018-09-13T02:15:16.054Z","lat":39.688011,"log":116.066689,"province":"山西省","city":"大同市","district":"房山区","terminal":"windows","status":"1"}
{"openid":"opEu45VAwuzCsDr6iGIf4qhnUZUI","phoneNum":"18334832972","money":"100","date":"2018-09-14T02:15:16.054Z","lat":39.688011,"log":116.066689,"province":"安徽省","city":"安庆市","district":"房山区","terminal":"ios","status":"1"}
{"openid":"opEu45VAwuzCsDr6iGIf4qhnUZUI","phoneNum":"18334832972","money":"20","date":"2018-09-13T02:15:16.054Z","lat":39.688011,"log":116.066689,"province":"河北省","city":"石家庄市","district":"房山区","terminal":"Android","status":"1"}
{"openid":"opEu45VAwuzCsDr6iGIf4qhnUZUI","phoneNum":"18334832972","amount":"20","date":"2018-09-13T02:15:16.054Z","lat":39.688011,"log":116.066689,"province":"河北省","city":"石家庄市","district":"房山区","terminal":"Android","status":"1"}
{"openid":"opEu45VAwuzCsDr6iGIf4qhnUZUI","phoneNum":"18334832972","amount":"20","date":"2018-09-13T02:15:16.054Z","lat":39.688011,"log":116.066689,"province":"河北省","city":"邯郸市","district":"房山区","terminal":"Android","status":"1"}
{"openid":"opEu45VAwuzCsDr6iGIf4qhnUZUI","phoneNum":"18334832972","money":"30","date":"2018-09-13T02:15:16.054Z","lat":39.688011,"log":116.066689,"province":"四川省","city":"成都市","district":"房山区","terminal":"ios","status":"1"}
{"openid":"opEu45VAwuzCsDr6iGIf4qhnUZUI","phoneNum":"18334832972","money":"50","date":"2018-09-13T02:15:16.054Z","lat":39.688011,"log":116.066689,"province":"辽宁省","city":"锦州市","district":"房山区","terminal":"Android","status":"1"}
{"openid":"opEu45VAwuzCsDr6iGIf4qhnUZUI","phoneNum":"18334832972","money":"30","date":"2018-09-13T02:15:16.054Z","lat":39.688011,"log":116.066689,"province":"山西省","city":"大同市","district":"房山区","terminal":"windows","status":"1"}
{"openid":"opEu45VAwuzCsDr6iGIf4qhnUZUI","phoneNum":"18334832972","money":"100","date":"2018-09-14T02:15:16.054Z","lat":39.688011,"log":116.066689,"province":"安徽省","city":"安庆市","district":"房山区","terminal":"ios","status":"0"}
{"openid":"opEu45VAwuzCsDr6iGIf4qhnUZUI","phoneNum":"18334832972","money":"30","date":"2018-09-13T02:15:16.054Z","lat":39.688011,"log":116.066689,"province":"山西省","city":"大同市","district":"房山区","terminal":"windows","status":"1"}
{"openid":"opEu45VAwuzCsDr6iGIf4qhnUZUI","phoneNum":"18334832972","money":"100","date":"2018-09-14T02:15:16.054Z","lat":39.688011,"log":116.066689,"province":"安徽省","city":"安庆市","district":"房山区","terminal":"ios","status":"1"}
{"openid":"opEu45VAwuzCsDr6iGIf4qhnUZUI","phoneNum":"18334832972","money":"20","date":"2018-09-13T02:15:16.054Z","lat":39.688011,"log":116.066689,"province":"河北省","city":"石家庄市","district":"房山区","terminal":"Android","status":"1"}
{"openid":"opEu45VAwuzCsDr6iGIf4qhnUZUI","phoneNum":"18334832972","amount":"20","date":"2018-09-13T02:15:16.054Z","lat":39.688011,"log":116.066689,"province":"河北省","city":"石家庄市","district":"房山区","terminal":"Android","status":"1"}
{"openid":"opEu45VAwuzCsDr6iGIf4qhnUZUI","phoneNum":"18334832972","amount":"20","date":"2018-09-13T02:15:16.054Z","lat":39.688011,"log":116.066689,"province":"河北省","city":"邯郸市","district":"房山区","terminal":"Android","status":"1"}
{"openid":"opEu45VAwuzCsDr6iGIf4qhnUZUI","phoneNum":"18334832972","money":"30","date":"2018-09-13T02:15:16.054Z","lat":39.688011,"log":116.066689,"province":"四川省","city":"成都市","district":"房山区","terminal":"ios","status":"1"}
{"openid":"opEu45VAwuzCsDr6iGIf4qhnUZUI","phoneNum":"18334832972","money":"50","date":"2018-09-13T02:15:16.054Z","lat":39.688011,"log":116.066689,"province":"辽宁省","city":"锦州市","district":"房山区","terminal":"Android","status":"1"}
{"openid":"opEu45VAwuzCsDr6iGIf4qhnUZUI","phoneNum":"18334832972","money":"30","date":"2018-09-13T02:15:16.054Z","lat":39.688011,"log":116.066689,"province":"山西省","city":"大同市","district":"房山区","terminal":"windows","status":"1"}
{"openid":"opEu45VAwuzCsDr6iGIf4qhnUZUI","phoneNum":"18334832972","money":"100","date":"2018-09-14T02:15:16.054Z","lat":39.688011,"log":116.066689,"province":"安徽省","city":"安庆市","district":"房山区","terminal":"ios","status":"0"}
{"openid":"opEu45VAwuzCsDr6iGIf4qhnUZUI","phoneNum":"18334832972","money":"30","date":"2018-09-13T02:15:16.054Z","lat":39.688011,"log":116.066689,"province":"山西省","city":"大同市","district":"房山区","terminal":"windows","status":"1"}
{"openid":"opEu45VAwuzCsDr6iGIf4qhnUZUI","phoneNum":"18334832972","money":"100","date":"2018-09-14T02:15:16.054Z","lat":39.688011,"log":116.066689,"province":"安徽省","city":"安庆市","district":"房山区","terminal":"ios","status":"1"}
{"openid":"opEu45VAwuzCsDr6iGIf4qhnUZUI","phoneNum":"18334832972","money":"20","date":"2018-09-13T02:15:16.054Z","lat":39.688011,"log":116.066689,"province":"河北省","city":"石家庄市","district":"房山区","terminal":"Android","status":"1"}
{"openid":"opEu45VAwuzCsDr6iGIf4qhnUZUI","phoneNum":"18334832972","amount":"20","date":"2018-09-13T02:15:16.054Z","lat":39.688011,"log":116.066689,"province":"河北省","city":"石家庄市","district":"房山区","terminal":"Android","status":"1"}
{"openid":"opEu45VAwuzCsDr6iGIf4qhnUZUI","phoneNum":"18334832972","amount":"20","date":"2018-09-13T02:15:16.054Z","lat":39.688011,"log":116.066689,"province":"河北省","city":"邯郸市","district":"房山区","terminal":"Android","status":"1"}
{"openid":"opEu45VAwuzCsDr6iGIf4qhnUZUI","phoneNum":"18334832972","money":"30","date":"2018-09-13T02:15:16.054Z","lat":39.688011,"log":116.066689,"province":"四川省","city":"成都市","district":"房山区","terminal":"ios","status":"1"}
{"openid":"opEu45VAwuzCsDr6iGIf4qhnUZUI","phoneNum":"18334832972","money":"50","date":"2018-09-13T02:15:16.054Z","lat":39.688011,"log":116.066689,"province":"辽宁省","city":"锦州市","district":"房山区","terminal":"Android","status":"1"}
{"openid":"opEu45VAwuzCsDr6iGIf4qhnUZUI","phoneNum":"18334832972","money":"30","date":"2018-09-13T02:15:16.054Z","lat":39.688011,"log":116.066689,"province":"山西省","city":"大同市","district":"房山区","terminal":"windows","status":"1"}
{"openid":"opEu45VAwuzCsDr6iGIf4qhnUZUI","phoneNum":"18334832972","money":"100","date":"2018-09-14T02:15:16.054Z","lat":39.688011,"log":116.066689,"province":"安徽省","city":"安庆市","district":"房山区","terminal":"ios","status":"0"}
{"openid":"opEu45VAwuzCsDr6iGIf4qhnUZUI","phoneNum":"18334832972","money":"30","date":"2018-09-13T02:15:16.054Z","lat":39.688011,"log":116.066689,"province":"山西省","city":"大同市","district":"房山区","terminal":"windows","status":"1"}
{"openid":"opEu45VAwuzCsDr6iGIf4qhnUZUI","phoneNum":"18334832972","money":"100","date":"2018-09-14T02:15:16.054Z","lat":39.688011,"log":116.066689,"province":"安徽省","city":"安庆市","district":"房山区","terminal":"ios","status":"1"}
{"openid":"opEu45VAwuzCsDr6iGIf4qhnUZUI","phoneNum":"18334832972","money":"20","date":"2018-09-13T02:15:16.054Z","lat":39.688011,"log":116.066689,"province":"河北省","city":"石家庄市","district":"房山区","terminal":"Android","status":"1"}
{"openid":"opEu45VAwuzCsDr6iGIf4qhnUZUI","phoneNum":"18334832972","amount":"20","date":"2018-09-13T02:15:16.054Z","lat":39.688011,"log":116.066689,"province":"河北省","city":"石家庄市","district":"房山区","terminal":"Android","status":"1"}
{"openid":"opEu45VAwuzCsDr6iGIf4qhnUZUI","phoneNum":"18334832972","amount":"20","date":"2018-09-13T02:15:16.054Z","lat":39.688011,"log":116.066689,"province":"河北省","city":"邯郸市","district":"房山区","terminal":"Android","status":"1"}
{"openid":"opEu45VAwuzCsDr6iGIf4qhnUZUI","phoneNum":"18334832972","money":"30","date":"2018-09-13T02:15:16.054Z","lat":39.688011,"log":116.066689,"province":"四川省","city":"成都市","district":"房山区","terminal":"ios","status":"1"}
{"openid":"opEu45VAwuzCsDr6iGIf4qhnUZUI","phoneNum":"18334832972","money":"50","date":"2018-09-13T02:15:16.054Z","lat":39.688011,"log":116.066689,"province":"辽宁省","city":"锦州市","district":"房山区","terminal":"Android","status":"1"}
{"openid":"opEu45VAwuzCsDr6iGIf4qhnUZUI","phoneNum":"18334832972","money":"30","date":"2018-09-13T02:15:16.054Z","lat":39.688011,"log":116.066689,"province":"山西省","city":"大同市","district":"房山区","terminal":"windows","status":"1"}
{"openid":"opEu45VAwuzCsDr6iGIf4qhnUZUI","phoneNum":"18334832972","money":"100","date":"2018-09-14T02:15:16.054Z","lat":39.688011,"log":116.066689,"province":"安徽省","city":"安庆市","district":"房山区","terminal":"ios","status":"0"}